Name,Current Job,Label,Academic Background,Descriptions,response_gpt-4
Brayden Wright,Data Scientist,0,Political Science,"Despite being in a data scientist position, this person is in more of a Buiness Intelligence/Business Analyst role. While they list Python in their skills (and don't characterize themselves as a beginner), the task they list in their former and previous jobs are more related to building dashboards in drag-and-drop-tools and making reports in Excel. They describe in depth some of the business impact of their Tableau dashboards. They have taken Tableau training. they are mid-career.","Brayden Wright
[Address]
[Phone Number]
[Email Address]

Objective
Highly skilled and experienced Data Scientist with a strong background in Business Intelligence and Business Analysis, seeking to leverage my expertise in data visualization, reporting, and analytics to drive business growth and improve decision-making processes.

Education
Bachelor of Arts in Political Science, 2010
[University Name], [Location]

Professional Experience

Data Scientist, [Company Name], [Location], 2018-Present
- Collaborate with cross-functional teams to identify key business questions and develop data-driven solutions using Tableau, Python, and Excel.
- Design and build interactive Tableau dashboards to visualize complex data sets and provide actionable insights for decision-makers.
- Conduct in-depth analysis of business performance metrics, identifying trends and opportunities for improvement.
- Develop and maintain automated reporting processes using Python and Excel, ensuring timely and accurate delivery of critical business information.
- Participate in Tableau training sessions to stay current with industry best practices and enhance my data visualization skills.
- Present findings and recommendations to senior leadership, effectively communicating the business impact of data-driven initiatives.

Business Intelligence Analyst, [Company Name], [Location], 2015-2018
- Utilized Tableau and Excel to create visually engaging reports and dashboards, enabling stakeholders to make data-driven decisions.
- Collaborated with business leaders to define key performance indicators (KPIs) and develop custom reporting solutions.
- Conducted ad-hoc analysis to support strategic initiatives and identify areas for process improvement.
- Assisted in the development of data models and ETL processes to support reporting and analytics efforts.
- Trained and mentored junior team members in the use of Tableau and other BI tools.

Business Analyst, [Company Name], [Location], 2012-2015
- Gathered and analyzed business requirements, translating them into functional specifications for the development of custom reporting solutions.
- Utilized Excel and other BI tools to create reports and dashboards, providing stakeholders with timely and accurate information.
- Conducted data validation and quality assurance activities to ensure the accuracy and reliability of reporting outputs.
- Assisted in the development of data models and ETL processes to support reporting and analytics efforts.
- Collaborated with cross-functional teams to identify opportunities for process improvement and implement data-driven solutions.

Skills
- Data Visualization: Expertise in creating interactive and visually engaging dashboards using Tableau, with a focus on driving business impact.
- Data Analysis: Strong analytical skills, with experience in conducting in-depth analysis of business performance metrics and identifying trends and opportunities for improvement.
- Reporting: Proficient in developing and maintaining automated reporting processes using Python and Excel, ensuring timely and accurate delivery of critical business information.
- Collaboration: Proven ability to work effectively with cross-functional teams, gathering requirements and developing data-driven solutions to address business needs.
- Communication: Excellent written and verbal communication skills, with experience presenting findings and recommendations to senior leadership.

Certifications
Tableau Desktop Specialist, 2019

Professional Development
Tableau Training, [Training Provider], [Location], 2019

References
Available upon request"
Kinsley Carter,Senior Data Scientist,1,Economics,"This person is a self-taught senior data scientist for Amazon with a specialty in NLP. They describe in depth their technical tasks, including what tools and libraries they use, and the business impact. For instance, that implementing a particular thing in a particular library had x% impact on something. They do not explicitly say they are self-taught. They are using tools like git and docker and generally 'good practices' in development -- again, they do not say this explicitly, but it shows up on their resume. Prior to being a data scientist, they got a PhD in psychology and were working in SPSS. ","Kinsley Carter
[Address]
[Phone Number]
[Email]

Objective
Highly skilled and motivated Senior Data Scientist with a strong background in Economics and Psychology, seeking to leverage my expertise in Natural Language Processing (NLP) and data-driven decision making to drive business impact and innovation.

Education
Ph.D. in Psychology, 2012
Yale University, New Haven, CT
- Conducted research on cognitive and social processes using advanced statistical methods in SPSS
- Published several articles in top-tier academic journals

B.A. in Economics, 2006
Harvard University, Cambridge, MA
- Graduated with honors
- Focused on econometrics and quantitative analysis

Professional Experience
Senior Data Scientist, Amazon, Seattle, WA (2017-Present)
- Developed and implemented NLP models to improve customer experience and streamline internal processes, resulting in a 15% reduction in customer service response time
- Utilized Python, TensorFlow, and Keras to build deep learning models for sentiment analysis and text classification
- Collaborated with cross-functional teams to integrate NLP models into existing systems, increasing efficiency by 20%
- Employed Git for version control and Docker for containerization, ensuring seamless deployment and collaboration
- Conducted A/B testing and analyzed results to optimize model performance, leading to a 10% increase in model accuracy
- Presented findings and recommendations to stakeholders, influencing data-driven decision making

Data Scientist, Amazon, Seattle, WA (2015-2017)
- Analyzed large datasets using Python, R, and SQL to identify trends and patterns, informing business strategy
- Built predictive models using machine learning algorithms, such as Random Forest and Gradient Boosting, to forecast customer behavior and optimize marketing efforts
- Implemented data preprocessing techniques, including feature engineering and selection, to improve model performance
- Utilized Tableau to create interactive visualizations and dashboards, enabling stakeholders to explore data insights
- Collaborated with engineering teams to deploy models into production, resulting in a 5% increase in customer retention

Research Assistant, Yale University, New Haven, CT (2007-2012)
- Conducted research on cognitive and social processes using advanced statistical methods in SPSS
- Analyzed large datasets to identify patterns and trends, informing the development of psychological theories
- Developed and administered surveys to collect data, ensuring high-quality and representative samples
- Presented research findings at national and international conferences, contributing to the advancement of the field
- Collaborated with interdisciplinary teams to conduct research, resulting in several co-authored publications

Skills
- Programming Languages: Python, R, SQL
- Machine Learning Libraries: TensorFlow, Keras, Scikit-learn, XGBoost
- NLP Libraries: NLTK, SpaCy, Gensim, BERT
- Data Visualization Tools: Tableau, Matplotlib, Seaborn
- Big Data Technologies: Hadoop, Spark, Hive
- Version Control: Git
- Containerization: Docker

Publications
[List of publications, including journal articles and conference presentations]

Certifications
- TensorFlow Developer Certificate, Google (2020)
- Data Science Professional Certificate, IBM (2019)

Awards and Honors
- Best Paper Award, International Conference on Cognitive Science (2011)
- Graduate Research Fellowship, National Science Foundation (2008-2011)

Professional Affiliations
- Association for Computational Linguistics (ACL)
- International Association for the Study of Artificial Intelligence and Society (AIAS)"
Wade Morales,Manager,1,Chemistry,"This is a manager at Deloitte with a background in federal government consulting who is a strong programmer in Python and has both created and supervised various machine learning projects as well as dashboards in open-source tools like Dash. They describe in depth the technical tools they use and the business impact -- specifically, exact dashboards they built, number of users, the technical/QA process, and business impact. They also have a chemistry PhD and list some research they did prior to getting involved in data science. They do not have certifications.","Wade Morales
123 Main Street
City, State, ZIP
Phone: (123) 456-7890
Email: wademorales@email.com

Objective:
Highly skilled and experienced Manager with a strong background in federal government consulting, programming, and data science, seeking to leverage my expertise in Python, machine learning, and dashboard creation to drive business impact and growth.

Education:
Ph.D. in Chemistry, 2012
Massachusetts Institute of Technology (MIT), Cambridge, MA
- Conducted research on the synthesis and characterization of novel organic materials for use in solar cells, resulting in 5 peer-reviewed publications and 2 patents.

B.S. in Chemistry, 2006
University of California, Berkeley, CA
- Graduated with honors and completed a senior thesis on the development of new synthetic methods for the preparation of complex organic molecules.

Professional Experience:

Manager, Deloitte, Federal Government Consulting, 2016-Present
- Lead a team of 10 data scientists and programmers in the development and implementation of machine learning models and data visualization tools for federal government clients.
- Created a machine learning model to predict equipment failure for a Department of Defense client, resulting in a 20% reduction in maintenance costs and a 15% increase in equipment uptime.
- Developed a dashboard using Dash to track and visualize key performance indicators for a Department of Health and Human Services client, leading to a 10% improvement in program efficiency and a 5% reduction in administrative costs.
- Supervised the creation of a Python-based tool to automate the analysis of financial data for a Department of Treasury client, saving over 500 hours of manual work per year and reducing errors by 80%.
- Implemented a rigorous QA process for all projects, including code reviews, unit testing, and continuous integration, leading to a 25% reduction in software defects and a 50% decrease in client-reported issues.
- Collaborated with clients to identify business needs and translate them into technical requirements, ensuring that all projects delivered measurable business impact.

Data Scientist, Booz Allen Hamilton, Federal Government Consulting, 2012-2016
- Developed machine learning models and data visualization tools for federal government clients, including the Department of Defense, Department of Health and Human Services, and Department of Treasury.
- Created a Python-based tool to analyze and visualize social media data for a Department of Defense client, enabling the identification of potential threats and improving situational awareness.
- Built a dashboard using Plotly to track and visualize healthcare outcomes for a Department of Health and Human Services client, leading to a 5% improvement in patient satisfaction and a 3% reduction in hospital readmissions.
- Conducted extensive data cleaning and preprocessing using Python libraries such as Pandas and NumPy, ensuring the accuracy and reliability of all analyses.
- Collaborated with team members to develop and implement best practices for data science projects, including version control, code documentation, and reproducible research.

Skills:
- Programming: Python, R, SQL, JavaScript
- Machine Learning: Scikit-learn, TensorFlow, Keras
- Data Visualization: Dash, Plotly, Tableau
- Data Processing: Pandas, NumPy, Dask
- Version Control: Git, GitHub
- Project Management: Agile, Scrum

Publications:
1. Morales, W., et al. (2011). ""Synthesis and Characterization of Novel Organic Materials for Solar Cell Applications."" Journal of Materials Chemistry, 21(12), 1234-1245.
2. Morales, W., et al. (2010). ""New Synthetic Methods for the Preparation of Complex Organic Molecules."" Organic Letters, 12(5), 678-681.

Patents:
1. Morales, W., et al. (2012). ""Organic Materials for Solar Cell Applications."" U.S. Patent No. 8,123,456.
2. Morales, W., et al. (2011). ""Synthetic Methods for the Preparation of Complex Organic Molecules."" U.S. Patent No. 7,890,123."
Amora Houston,Program Manager,0,Business,"This is a program manager in government finance. They make decisions based on data, and are good in Excel. They are in a leadership position. This is a USAJobs style resume -- lots of detail, very long. This person is currently a GS-14, but started as a GS-11 and worked their way up in government finance.","Amora Houston
123 Main Street
Anytown, USA 12345
Phone: (555) 555-5555
Email: amora.houston@email.com

Objective:
To obtain a challenging and rewarding position as a Program Manager in government finance, utilizing my extensive experience in financial analysis, budgeting, and leadership to drive organizational success.

Summary of Qualifications:
- Over 10 years of experience in government finance, with a strong background in financial analysis, budgeting, and program management.
- Proven ability to analyze complex financial data and make sound decisions based on data-driven insights.
- Expertise in Microsoft Excel, including advanced functions, pivot tables, and data visualization.
- Strong leadership skills, with experience managing teams and overseeing large-scale projects.
- Excellent communication and interpersonal skills, with the ability to collaborate effectively with diverse stakeholders.

Education:
Bachelor of Science in Business Administration, May 2008
XYZ University, Anytown, USA
- Major: Finance
- Minor: Accounting
- GPA: 3.75/4.0

Professional Experience:

Program Manager, GS-14
U.S. Department of Government Finance, Anytown, USA
June 2016 - Present

- Manage a team of 12 financial analysts and support staff, providing guidance, mentorship, and performance evaluations.
- Oversee the development and implementation of a $500 million annual budget, ensuring compliance with federal regulations and alignment with organizational goals.
- Analyze complex financial data to identify trends, risks, and opportunities, and make recommendations to senior leadership for strategic decision-making.
- Develop and implement financial policies and procedures to improve efficiency and ensure compliance with federal regulations.
- Collaborate with other departments and agencies to develop and implement cross-functional initiatives and projects.
- Represent the department in meetings with external stakeholders, including congressional staff, auditors, and other government agencies.
- Conduct regular reviews of financial processes and systems, identifying areas for improvement and implementing changes as needed.

Financial Analyst, GS-13
U.S. Department of Government Finance, Anytown, USA
June 2013 - June 2016

- Conducted in-depth financial analysis of departmental programs and initiatives, providing data-driven insights to inform decision-making.
- Assisted in the development and management of a $300 million annual budget, ensuring compliance with federal regulations and alignment with organizational goals.
- Developed financial models and forecasts to support strategic planning and resource allocation.
- Prepared and presented financial reports and briefings to senior leadership, highlighting key trends, risks, and opportunities.
- Collaborated with other departments and agencies to develop and implement cross-functional initiatives and projects.
- Provided training and guidance to junior financial analysts, helping to develop their skills and knowledge.

Budget Analyst, GS-12
U.S. Department of Government Finance, Anytown, USA
June 2011 - June 2013

- Assisted in the development and management of a $200 million annual budget, ensuring compliance with federal regulations and alignment with organizational goals.
- Conducted regular budget reviews and analysis, identifying variances and making recommendations for adjustments as needed.
- Developed and maintained budget tracking tools and reports, providing timely and accurate information to support decision-making.
- Collaborated with program managers and other stakeholders to develop and implement budgetary policies and procedures.
- Assisted in the preparation and presentation of budget briefings to senior leadership, highlighting key trends, risks, and opportunities.

Financial Management Specialist, GS-11
U.S. Department of Government Finance, Anytown, USA
June 2009 - June 2011

- Supported the financial management team in the development and implementation of departmental budgets, financial policies, and procedures.
- Conducted financial analysis and reporting, providing data-driven insights to inform decision-making.
- Assisted in the development and maintenance of financial tracking tools and reports, ensuring timely and accurate information.
- Collaborated with other departments and agencies to develop and implement cross-functional initiatives and projects.
- Provided administrative support to the financial management team, including scheduling meetings, preparing materials, and maintaining records.

Certifications and Training:

- Certified Government Financial Manager (CGFM), Association of Government Accountants
- Federal Financial Management Certificate Program, Graduate School USA
- Advanced Microsoft Excel Training, XYZ Training Center

Professional Memberships:

- Association of Government Accountants
- American Society of Public Administration

References:

Available upon request"
Cayden Waters,Data Engineer,1,Computer Science,"This is a data engineer who builds and maintains data pipelines, but also has significant experience implementing machine learning models and describes in depth the business impact of these -- for instance, what type of model they built, what library, how they evaluated it, and what the impact was on the business","Cayden Waters
123 Main St, Anytown, USA
(555) 555-5555
caydenwaters@email.com

Objective
Highly skilled and motivated Data Engineer with a strong background in computer science and extensive experience in implementing machine learning models. Seeking to leverage my expertise in data pipeline construction, model evaluation, and business impact analysis to contribute to the growth and success of a forward-thinking organization.

Education
Bachelor of Science in Computer Science, May 2015
XYZ University, Anytown, USA
- Concentration in Data Science and Machine Learning
- Relevant coursework: Data Structures, Algorithms, Database Systems, Machine Learning, Artificial Intelligence, Big Data Analytics

Professional Experience
Data Engineer, ABC Corporation, Anytown, USA (June 2019 - Present)
- Collaborate with data scientists and analysts to design, build, and maintain scalable data pipelines for processing and analyzing large datasets
- Implement machine learning models using Python and TensorFlow to predict customer churn, resulting in a 15% reduction in customer attrition
- Develop and optimize ETL processes using Apache Spark and Hadoop to improve data ingestion and processing times by 30%
- Utilize data visualization tools such as Tableau and Power BI to create interactive dashboards for business stakeholders, enabling data-driven decision-making
- Conduct thorough model evaluation using cross-validation, precision-recall curves, and ROC-AUC scores to ensure optimal performance and accuracy
- Assess the business impact of implemented models by analyzing key performance indicators (KPIs) and presenting findings to executive leadership, leading to the adoption of data-driven strategies across multiple departments

Data Analyst, DEF Technologies, Anytown, USA (June 2015 - May 2019)
- Analyzed large datasets using SQL, Python, and R to identify trends and patterns, providing valuable insights for product development and marketing teams
- Implemented machine learning models using scikit-learn to predict equipment failure, resulting in a 20% decrease in downtime and a 10% increase in overall productivity
- Developed custom data visualizations using D3.js and ggplot2 to effectively communicate complex data insights to non-technical stakeholders
- Collaborated with cross-functional teams to define data requirements and ensure data quality and integrity throughout the data lifecycle
- Utilized statistical techniques such as hypothesis testing, regression analysis, and clustering to support data-driven decision-making and drive business growth

Projects
Predictive Maintenance Model (DEF Technologies)
- Developed a machine learning model using Python and scikit-learn to predict equipment failure based on sensor data
- Utilized feature engineering techniques to extract relevant features from raw data, improving model performance by 25%
- Evaluated model performance using cross-validation and various performance metrics, achieving a precision of 85% and a recall of 80%
- Presented findings to executive leadership, resulting in the implementation of a predictive maintenance strategy that reduced equipment downtime by 20%

Customer Churn Prediction (ABC Corporation)
- Collaborated with a team of data scientists to build a machine learning model using TensorFlow and Python to predict customer churn
- Conducted extensive feature selection and engineering to improve model performance, resulting in a 10% increase in accuracy
- Evaluated model performance using precision-recall curves and ROC-AUC scores, achieving a final AUC score of 0.85
- Analyzed the business impact of the implemented model, demonstrating a 15% reduction in customer attrition and a significant increase in customer lifetime value

Skills
- Programming languages: Python, R, Java, SQL
- Machine learning libraries: TensorFlow, scikit-learn, Keras, PyTorch
- Big data technologies: Apache Spark, Hadoop, Hive, Pig
- Data visualization tools: Tableau, Power BI, D3.js, ggplot2
- Database systems: MySQL, PostgreSQL, MongoDB, Oracle
- Cloud platforms: AWS, Google Cloud Platform, Microsoft Azure

Certifications
- AWS Certified Big Data - Specialty
- Microsoft Certified: Azure Data Engineer Associate
- Google Cloud Professional Data Engineer

Professional Memberships
- Association for Computing Machinery (ACM)
- Institute of Electrical and Electronics Engineers (IEEE)
- Data Science Association (DSA)"
Kiara Patel,Engineer,0,Engineering,"this is an engineer who has done research. They list Python in their skills (and don't characterize themselves as a beginner), but the tasks they describe for their jobs either are in MATLAB or it's unclear what tooling they're using. They go into detail about what the research entailed from an academic perspective, but not what tooling they used-- and it's things you'd probably do in MATLAB. no mention of git or other development tools. no certifications","Kiara Patel
123 Main Street
City, State, ZIP
Phone: (123) 456-7890
Email: kiarapatel@email.com

Objective:
A highly motivated and skilled engineer with a strong background in research and programming, seeking a challenging position in the engineering field to utilize my expertise in Python, MATLAB, and other engineering tools to contribute to the success of the organization.

Education:
Bachelor of Science in Engineering
XYZ University, City, State
Graduated: May 2015
GPA: 3.8/4.0

Skills:
- Proficient in Python (intermediate level) and MATLAB
- Strong research and analytical skills
- Excellent problem-solving abilities
- Effective communication and presentation skills
- Ability to work independently and in a team environment
- Knowledge of engineering principles and practices

Experience:

Engineer
ABC Company, City, State
June 2015 - Present

- Conducted research on the optimization of energy consumption in industrial processes using MATLAB, resulting in a 15% reduction in energy costs for the company
- Developed and implemented control algorithms for robotic systems, improving their efficiency and accuracy by 20%
- Collaborated with a team of engineers to design and develop a new product line, increasing company revenue by 10%
- Utilized Python to create data visualization tools for analyzing and presenting complex engineering data to stakeholders
- Assisted in the preparation of technical reports and presentations for clients and management, ensuring clear communication of project goals and progress
- Participated in continuous improvement initiatives, identifying areas for process improvement and implementing changes to enhance overall efficiency

Research Assistant
XYZ University, Department of Engineering, City, State
August 2013 - May 2015

- Conducted research on the application of machine learning algorithms for the prediction of mechanical failures in industrial equipment, resulting in a 25% improvement in predictive accuracy
- Utilized MATLAB to develop and test various machine learning models, including support vector machines, neural networks, and decision trees
- Collaborated with a team of researchers to design and conduct experiments, collect data, and analyze results
- Prepared and presented research findings at academic conferences and in peer-reviewed journal articles
- Assisted in the development of grant proposals, securing over $100,000 in funding for research projects
- Mentored and supervised undergraduate students in their research projects, providing guidance and support in the development of their technical and analytical skills

Engineering Intern
DEF Corporation, City, State
May 2013 - August 2013

- Assisted in the design and development of a new product line, contributing to a 5% increase in company revenue
- Conducted research on materials and manufacturing processes to identify cost-saving opportunities, resulting in a 10% reduction in production costs
- Utilized MATLAB to analyze and optimize the performance of mechanical systems, improving their efficiency and reliability
- Collaborated with a team of engineers to troubleshoot and resolve technical issues, ensuring the timely completion of projects
- Prepared and presented technical reports and documentation for clients and management, ensuring clear communication of project goals and progress

Professional Affiliations:
- Member, American Society of Mechanical Engineers (ASME)
- Member, Institute of Electrical and Electronics Engineers (IEEE)

Publications:
- Patel, K., & Smith, J. (2015). Machine learning for the prediction of mechanical failures in industrial equipment. Journal of Engineering Research, 10(2), 123-135.

- Patel, K., & Johnson, R. (2014). Optimization of energy consumption in industrial processes using MATLAB. Proceedings of the International Conference on Energy Efficiency, 1, 56-67.

References:
Available upon request"
Bentley Johnson,Senior Consultant,1,Communications,"This is a senior consultant in a federal practice at a big consulting company. They are self-taught in data science. They use SQL, R, and Python, although they also list experience in SPSS and Excel. They do a combination of business intelligence and data science tasks. They have been working for about 5 years. they use consultant-speak and talk about temporarily leading a team and other consultant things, but they also describe what they're doing in detailed technical terms with SQL, R, and Python. ","Bentley Johnson
[Address]
[Phone Number]
[Email Address]

Objective:
A highly motivated and self-taught data scientist with a strong background in Communications, seeking to leverage my expertise in SQL, R, Python, SPSS, and Excel to drive business intelligence and data science initiatives in a challenging and dynamic environment.

Education:
Bachelor of Arts in Communications, 2016
XYZ University, City, State

Professional Experience:

Senior Consultant, Federal Practice, Big Consulting Company, City, State (2018-Present)
- Collaborate with cross-functional teams to develop and implement data-driven solutions for federal clients, focusing on business intelligence and data science tasks.
- Utilize SQL, R, and Python to extract, clean, and analyze large datasets, identifying trends and patterns to inform strategic decision-making.
- Develop and maintain complex data models and visualizations using tools such as Tableau and Power BI, presenting insights to stakeholders and driving data-informed decisions.
- Temporarily led a team of 5 junior consultants, providing guidance and mentorship in data analysis techniques and best practices, resulting in a 20% increase in project efficiency.
- Conducted advanced statistical analysis using SPSS and Excel, including regression, clustering, and time series forecasting, to support client objectives and drive business growth.
- Streamlined data processing workflows by automating repetitive tasks using Python scripts, reducing manual effort by 30% and improving overall data quality.
- Actively participated in client meetings and presentations, effectively communicating complex technical concepts to non-technical audiences and fostering strong client relationships.

Data Analyst, ABC Consulting, City, State (2016-2018)
- Supported various consulting projects by providing data analysis and visualization services, utilizing SQL, R, and Python to manipulate and analyze data.
- Created and maintained custom dashboards and reports using Tableau and Excel, enabling clients to track key performance indicators and make data-driven decisions.
- Assisted in the development of data-driven strategies and recommendations, leveraging insights from data analysis to inform business decisions and drive growth.
- Collaborated with project teams to identify data requirements and ensure data quality, implementing data validation and cleaning processes using SQL and Python.
- Conducted ad-hoc data analysis and reporting requests, utilizing SPSS and Excel to perform statistical tests and generate insights for clients.
- Participated in client workshops and training sessions, providing guidance on data analysis techniques and best practices.

Technical Skills:
- Programming Languages: SQL, R, Python
- Data Visualization Tools: Tableau, Power BI, Excel
- Statistical Analysis Tools: SPSS, Excel
- Data Management: Data Cleaning, Data Validation, Data Modeling

Certifications:
- Data Science Specialization, Coursera (2017)
- Tableau Desktop Specialist, Tableau (2018)

Professional Development:
- Attended the Data Science Summit, 2019
- Participated in the Big Data and Analytics Workshop, 2020

Languages:
- English (Native)
- Spanish (Conversational)

References:
Available upon request"
Tobias Lee,Business Intelligence,0,Business,"This is someone in a core business intelligence/business analyst role. They speak in depth about this -- about the reports they're making in Excel, about the Qlik dashboards, about meeting with stakeholders. This person is fairly junior.","Tobias Lee
123 Main Street
Anytown, USA 12345
Phone: (555) 555-5555
Email: tobias.lee@email.com

Objective:
Highly motivated and detail-oriented Business Intelligence Analyst with a strong background in business and data analysis, seeking to leverage my skills and experience to contribute to the success of a dynamic organization.

Education:
Bachelor of Business Administration (BBA), Major in Business Analytics
XYZ University, Anytown, USA
Graduated: May 2018

Relevant Coursework:
- Business Analytics and Data Visualization
- Database Management Systems
- Statistical Analysis for Business
- Operations Management
- Financial Accounting
- Marketing Research

Professional Experience:

Business Intelligence Analyst
ABC Corporation, Anytown, USA
June 2018 - Present

- Develop and maintain complex Excel reports and dashboards to track key performance indicators (KPIs) and provide actionable insights to stakeholders, resulting in a 15% increase in operational efficiency.
- Utilize QlikView and Qlik Sense to create interactive and visually appealing dashboards, enabling stakeholders to make data-driven decisions and identify trends and patterns.
- Collaborate with cross-functional teams to gather business requirements and translate them into technical specifications for the development of new reports and dashboards.
- Conduct regular data quality checks and perform data cleansing to ensure the accuracy and reliability of reports and dashboards.
- Provide training and support to end-users on the usage of business intelligence tools and best practices in data analysis.
- Assist in the implementation of a new data warehouse, streamlining the data extraction, transformation, and loading (ETL) processes and improving data accessibility for the organization.

Business Analyst Intern
DEF Company, Anytown, USA
May 2017 - August 2017

- Assisted in the development of business process models and documentation, identifying areas for improvement and recommending solutions to enhance efficiency.
- Conducted market research and competitive analysis to support the development of marketing strategies and product positioning.
- Collaborated with the finance team to analyze financial data and create forecasts, contributing to the annual budgeting process.
- Supported the project management team in tracking project progress, identifying risks, and ensuring timely completion of deliverables.

Skills:

- Proficient in Microsoft Office Suite (Excel, PowerPoint, Word, Outlook)
- Experience with business intelligence tools (QlikView, Qlik Sense, Tableau)
- Strong analytical and problem-solving skills
- Excellent communication and presentation skills
- Ability to work effectively in a team environment and manage multiple priorities
- Knowledge of SQL and database management systems (Oracle, SQL Server)

Certifications:

- QlikView 12 Business Analyst Certification (2019)
- Microsoft Office Specialist: Excel Associate (2018)

Languages:

- Fluent in English
- Conversational in Spanish

Activities and Honors:

- XYZ University Dean's List (2016-2018)
- Member, XYZ University Business Analytics Club (2016-2018)
- Volunteer, Anytown Community Center (2016-Present)"
Waylon Kelly,operations research/systems analyst,1,operations research,"This is an ORSA who is doing a lot in R, including building R Shiny dashboards and doing data cleaning and analysis, and who describes in detail their tasks and outputs. For instance, what packages they're using in R, what the business impact is, their larger development practices, their subject matter experience in geographical stuff like GIS. This is a usejob-style resume -- long, in depth.","Waylon Kelly
123 Main Street
Anytown, USA 12345
Phone: (555) 555-5555
Email: waylonkelly@email.com

Objective:
Highly skilled and detail-oriented Operations Research Systems Analyst (ORSA) with a strong background in R programming, data analysis, and GIS seeking to leverage my expertise in a challenging and rewarding position.

Education:
Bachelor of Science in Operations Research
XYZ University, Anytown, USA
Graduated: May 2010

Professional Experience:

Operations Research Systems Analyst
ABC Company, Anytown, USA
June 2016 - Present

- Develop and maintain R Shiny dashboards to visualize and analyze complex data sets, providing actionable insights for decision-makers across various departments.
- Utilize R packages such as dplyr, ggplot2, and leaflet to manipulate, visualize, and map data, streamlining the data analysis process and improving overall efficiency.
- Perform data cleaning and preprocessing using R, ensuring data integrity and accuracy for downstream analysis.
- Collaborate with cross-functional teams to identify key performance indicators (KPIs) and develop custom metrics to track and optimize business performance.
- Conduct geospatial analysis using GIS tools such as QGIS and ArcGIS, providing valuable insights into market trends, customer demographics, and competitor locations.
- Implement version control and continuous integration practices using Git and GitHub, ensuring a smooth development process and minimizing the risk of code conflicts.
- Develop and maintain documentation for all R scripts, Shiny applications, and GIS projects, ensuring knowledge transfer and ease of maintenance for future team members.
- Train and mentor junior analysts in R programming, data analysis techniques, and GIS tools, fostering a culture of continuous learning and professional development.

Data Analyst
DEF Company, Anytown, USA
June 2012 - May 2016

- Utilized R programming to analyze large data sets, identifying trends and patterns to inform business strategy and decision-making.
- Developed custom R scripts to automate data processing tasks, reducing manual effort and increasing overall efficiency.
- Employed R packages such as data.table, lubridate, and stringr to manipulate and preprocess data, ensuring accurate and reliable analysis results.
- Created visually appealing and informative reports using R Markdown, effectively communicating data-driven insights to stakeholders.
- Assisted in the development and implementation of data-driven decision support tools, enabling more informed and strategic decision-making across the organization.
- Collaborated with cross-functional teams to identify data requirements and ensure data quality, leading to more accurate and reliable analysis results.
- Conducted geospatial analysis using GIS tools such as QGIS and ArcGIS, providing valuable insights into market trends, customer demographics, and competitor locations.

Operations Research Intern
GHI Company, Anytown, USA
June 2010 - August 2010

- Assisted in the development of optimization models using linear programming and integer programming techniques, resulting in improved operational efficiency and cost savings.
- Conducted data analysis using R programming, providing valuable insights to inform business strategy and decision-making.
- Collaborated with cross-functional teams to gather data requirements and ensure data quality, leading to more accurate and reliable analysis results.
- Developed custom R scripts to automate data processing tasks, reducing manual effort and increasing overall efficiency.
- Utilized GIS tools such as QGIS and ArcGIS to conduct geospatial analysis, providing valuable insights into market trends, customer demographics, and competitor locations.

Skills:

- R programming: Expertise in data manipulation, visualization, and analysis using packages such as dplyr, ggplot2, data.table, lubridate, stringr, and leaflet.
- R Shiny: Proficient in developing and maintaining interactive web applications for data visualization and analysis.
- GIS: Skilled in geospatial analysis using tools such as QGIS and ArcGIS, with experience in mapping, geocoding, and spatial analysis.
- Data Analysis: Strong background in statistical analysis, data cleaning, and preprocessing, with experience in identifying trends and patterns to inform business strategy and decision-making.
- Version Control: Proficient in using Git and GitHub for version control and continuous integration, ensuring a smooth development process and minimizing the risk of code conflicts.
- Communication: Excellent written and verbal communication skills, with experience in creating visually appealing and informative reports using R Markdown.
- Teamwork: Proven ability to collaborate with cross-functional teams, gather data requirements, and ensure data quality for accurate and reliable analysis results.
- Mentoring: Experience in training and mentoring junior analysts in R programming, data analysis techniques, and GIS tools.

Certifications:

- R Programming Certification, XYZ University, 2015
- GIS Analyst Certification, ABC Institute, 2014

Professional Memberships:

- Member, Operations Research Society of America (ORSA), 2010 - Present
- Member, R Users Group, 2012 - Present"
Axel Gray,operations research/systems analyst,0,operations research,"This is an ORSA, but while they list R as a skill (and don't characterize themselves as a beginner), it's not clear from their tasks wheher they're working in Excel or proprietary statsitical sofware tools. If there is coding happening, it's also not clear if they're doing it or supervising it. this is a usajobs-style resume -- long, in depth, bureacratic","Axel Gray
123 Main Street
Anytown, USA 12345
Phone: (555) 555-5555
Email: axel.gray@email.com

Objective:
To obtain a challenging and rewarding position as an Operations Research/Systems Analyst, utilizing my strong analytical, problem-solving, and communication skills to contribute to the success of the organization.

Summary of Qualifications:
- Over 10 years of experience in operations research and systems analysis
- Strong background in statistical analysis, mathematical modeling, and optimization techniques
- Proficient in R programming, Excel, and proprietary statistical software tools
- Excellent communication and interpersonal skills, with the ability to work effectively in a team environment
- Proven track record of managing complex projects and delivering results on time and within budget

Education:
Bachelor of Science in Operations Research
XYZ University, Anytown, USA
Graduated: May 2010

Professional Experience:

Operations Research/Systems Analyst
ABC Corporation, Anytown, USA
June 2016 - Present

- Conduct comprehensive analyses of complex business problems to identify and evaluate potential solutions, using advanced statistical techniques and mathematical models
- Collaborate with cross-functional teams to gather and analyze data, develop recommendations, and implement process improvements
- Utilize R programming, Excel, and proprietary statistical software tools to perform data analysis and generate reports for senior management
- Manage multiple projects simultaneously, ensuring timely completion and adherence to budget constraints
- Provide guidance and supervision to junior analysts, including training on software tools and analytical techniques
- Develop and maintain strong relationships with internal and external stakeholders, facilitating effective communication and collaboration

Key Accomplishments:
- Led a team of analysts in the successful completion of a major cost-saving initiative, resulting in a 15% reduction in operational expenses
- Developed a predictive model to forecast customer demand, enabling the company to optimize inventory levels and reduce stockouts by 20%
- Implemented a new data visualization tool, improving the efficiency of the reporting process and enhancing decision-making capabilities

Operations Research Analyst
DEF Company, Anytown, USA
August 2010 - May 2016

- Conducted in-depth analyses of business processes and systems, identifying areas for improvement and recommending solutions to enhance efficiency and effectiveness
- Utilized advanced statistical techniques, mathematical models, and optimization methods to analyze data and develop insights
- Employed R programming, Excel, and proprietary statistical software tools to perform data analysis and generate reports for management
- Collaborated with cross-functional teams to gather data, develop recommendations, and implement process improvements
- Managed multiple projects simultaneously, ensuring timely completion and adherence to budget constraints
- Provided guidance and supervision to junior analysts, including training on software tools and analytical techniques

Key Accomplishments:
- Played a key role in the successful implementation of a new supply chain management system, resulting in a 10% reduction in lead times and a 5% increase in on-time deliveries
- Developed a simulation model to analyze the impact of various pricing strategies, leading to the adoption of a new pricing structure that increased revenue by 8%
- Created a comprehensive dashboard to track key performance indicators, enabling management to make data-driven decisions and improve overall business performance

Skills:
- R programming (intermediate level)
- Excel (advanced level)
- Proprietary statistical software tools (advanced level)
- Mathematical modeling and optimization techniques
- Project management
- Data visualization and reporting
- Team leadership and supervision

Certifications:
- Certified Analytics Professional (CAP)
- Project Management Professional (PMP)

Professional Memberships:
- Institute for Operations Research and the Management Sciences (INFORMS)
- Association for Computing Machinery (ACM)

References:
Available upon request"
Maxwell Schultz,Program Manager,1,math,"This is a government program manager (0343) but in a data science role. They are using Python to automate building reports and doing statisical analysis. They also mentor and give talks on data science. They work in a financial management office and the data they analyze is related to financial management. They do a small amount of machine learning, a little data engineering (building out pipelines), and a lot of data cleaning and analysis. They also use pyspark.","Maxwell Schultz
123 Main Street
City, State, ZIP
Phone: (123) 456-7890
Email: maxwell.schultz@email.com

Objective
Highly skilled and dedicated Program Manager with a strong background in data science, seeking to leverage my expertise in financial management, data analysis, and machine learning to drive data-driven decision-making and improve organizational efficiency.

Education
Bachelor of Science in Mathematics
XYZ University, City, State
Graduated: May 2010

Professional Experience

Program Manager (Data Science) - Financial Management Office
ABC Government Agency, City, State
June 2016 - Present

- Manage a team of data scientists and analysts responsible for analyzing financial management data to support decision-making and improve financial processes.
- Develop and implement data-driven strategies to optimize financial management operations, resulting in a 15% reduction in operational costs.
- Utilize Python programming to automate the creation of financial reports, streamlining the reporting process and improving data accuracy.
- Conduct statistical analysis on financial data to identify trends, anomalies, and areas for improvement, leading to a 10% increase in overall financial efficiency.
- Design and implement machine learning models to predict future financial performance and inform budgetary decisions.
- Build and maintain data pipelines to ensure the efficient flow of information between various financial systems and databases.
- Perform extensive data cleaning and preprocessing to ensure the accuracy and reliability of financial data used in analysis and reporting.
- Utilize PySpark to process large-scale financial datasets, improving the speed and efficiency of data analysis tasks.
- Mentor junior data scientists and analysts, providing guidance on best practices in data science and financial analysis.
- Deliver presentations and talks on data science and its applications in financial management, promoting a data-driven culture within the organization.

Data Analyst - Financial Management Division
DEF Government Agency, City, State
July 2012 - May 2016

- Analyzed financial data to support budgetary planning, financial forecasting, and performance evaluation.
- Developed custom financial reports and dashboards using Python and Excel, providing key insights to senior management.
- Assisted in the implementation of data-driven strategies to improve financial management processes and reduce operational costs.
- Conducted statistical analysis on financial data to identify trends and areas for improvement.
- Collaborated with IT teams to improve data quality and implement data governance policies.
- Provided training and support to non-technical staff on data analysis tools and techniques.

Mathematics Tutor
XYZ University, City, State
August 2010 - June 2012

- Provided one-on-one tutoring to undergraduate students in various mathematics courses, including calculus, linear algebra, and statistics.
- Developed customized lesson plans and study materials to address individual student needs and learning styles.
- Assisted students in developing problem-solving skills and strategies for success in mathematics coursework.
- Collaborated with university faculty to identify areas of difficulty for students and develop targeted tutoring interventions.

Skills

- Data Science: Python, R, SQL, PySpark, machine learning, statistical analysis, data visualization
- Financial Management: budgeting, forecasting, financial reporting, cost analysis
- Data Engineering: data pipeline development, data cleaning, data preprocessing
- Communication: presentations, mentoring, training, technical writing
- Software: Microsoft Office Suite (Excel, Word, PowerPoint), Jupyter Notebook, Tableau

Certifications

- Data Science Professional Certificate, XYZ University, 2015
- Python for Data Science, ABC Online Course, 2014

Professional Memberships

- Data Science Association, Member, 2015 - Present
- Society for Financial Management Professionals, Member, 2013 - Present

Publications

- Schultz, M. (2018). ""Leveraging Data Science for Improved Financial Management in Government Agencies."" Journal of Public Finance, 12(3), 45-60.

Conferences and Presentations

- ""Data Science in Financial Management: A Case Study,"" DEF Government Agency Annual Conference, 2019
- ""Machine Learning for Financial Forecasting,"" Society for Financial Management Professionals Annual Meeting, 2017"
Sabrina Perkins,senior researcher,1,Communications,"This is a senior researcher at an FFDC like CNA, RAND, or mathematica. They are a SME in their academic field. They have a master's degree. The work they do involves consulting for federal clients. They work significantly in R, including using practices like version control, to generate statistical analysis for the reports they contribute to. They do almost all quantitative work. They are a Bayesian and use the Stan package in R. This is a more-academic style of resume, including listing publications.","Sabrina Perkins
123 Main Street
City, State, ZIP
Phone: (123) 456-7890
Email: sabrina.perkins@email.com

Objective
Highly skilled and experienced Senior Researcher with a strong background in quantitative analysis and consulting for federal clients, seeking to contribute expertise in R programming, Bayesian statistics, and Stan package to a research organization.

Education
Master of Science in Communications, May 2015
XYZ University, City, State
- Concentration: Quantitative Research Methods
- Thesis: ""Bayesian Approaches to Media Effects Analysis""

Bachelor of Arts in Communications, May 2013
ABC College, City, State
- Minor: Statistics
- Graduated Cum Laude

Professional Experience
Senior Researcher, January 2018 - Present
CNA Corporation, City, State
- Serve as a subject matter expert in communications research, providing consulting services to federal clients
- Conduct advanced statistical analysis using R programming, including version control and Bayesian methods
- Utilize the Stan package in R for complex modeling and data visualization
- Collaborate with interdisciplinary teams to develop comprehensive reports and presentations
- Mentor junior researchers in quantitative methods and best practices

Research Analyst, June 2015 - December 2017
RAND Corporation, City, State
- Conducted quantitative research for federal clients, focusing on communications and media studies
- Utilized R programming for data cleaning, analysis, and visualization
- Assisted in the development of research proposals and grant applications
- Presented research findings at conferences and workshops

Research Assistant, August 2013 - May 2015
XYZ University, City, State
- Assisted faculty in conducting quantitative research projects in the field of communications
- Conducted literature reviews, data collection, and statistical analysis using R programming
- Co-authored research papers and presented findings at academic conferences

Skills
- R programming, including version control and Bayesian methods
- Stan package for complex modeling and data visualization
- Quantitative research design and analysis
- Consulting for federal clients
- Strong written and oral communication skills

Publications
Perkins, S., & Smith, J. (2019). Bayesian approaches to media effects analysis. Journal of Communication Research, 45(2), 123-145.

Perkins, S., & Johnson, L. (2018). The impact of social media on political campaigns: A Bayesian analysis. Political Communication Quarterly, 33(1), 67-89.

Conference Presentations
Perkins, S. (2019, November). Bayesian methods in communication research. Paper presented at the annual meeting of the National Communication Association, City, State.

Perkins, S., & Smith, J. (2018, May). Media effects analysis using Bayesian approaches. Paper presented at the annual meeting of the International Communication Association, City, Country.

Professional Memberships
- National Communication Association
- International Communication Association
- American Statistical Association"
Alex Lambert,lead data scientist,1,statistics,"This is a lead data scientist for a government contractor. They specialize in ensemble models and open-source intelligence. They write test cases. They contribute to open-source projects. This is a very technical, one-page resume. ","Alex Lambert
123 Main St, City, State, 12345
Phone: (123) 456-7890
Email: alex.lambert@email.com
LinkedIn: www.linkedin.com/in/alexlambert

Summary:
Highly skilled and experienced Lead Data Scientist with a strong background in statistics, ensemble models, and open-source intelligence. Proven track record of developing and implementing innovative solutions to complex problems, writing test cases, and contributing to open-source projects. Seeking to leverage my expertise to drive data-driven decision-making and optimize performance for a government contractor.

Education:
Bachelor of Science in Statistics
XYZ University, City, State
August 2010 - May 2014

Relevant Coursework: Probability Theory, Statistical Inference, Regression Analysis, Time Series Analysis, Multivariate Analysis, Experimental Design, Data Mining, Machine Learning, Bayesian Statistics, Computational Statistics

Professional Experience:

Lead Data Scientist
ABC Government Contractor, City, State
June 2018 - Present

- Manage a team of data scientists and analysts to develop and implement ensemble models and open-source intelligence solutions for various government projects
- Design and execute test cases to ensure the accuracy and reliability of data models and algorithms
- Contribute to open-source projects, including the development of new machine learning algorithms and data visualization tools
- Collaborate with cross-functional teams to identify data requirements, develop data collection strategies, and analyze large datasets to extract actionable insights
- Present findings and recommendations to senior leadership and stakeholders, driving data-driven decision-making and process improvements
- Develop and maintain documentation for data models, algorithms, and software tools to ensure compliance with government regulations and industry best practices

Data Scientist
DEF Technology Solutions, City, State
June 2014 - May 2018

- Developed and implemented statistical models and machine learning algorithms to analyze large datasets and identify trends, patterns, and anomalies
- Utilized ensemble models to improve the accuracy and reliability of predictions and forecasts
- Conducted open-source intelligence research to gather and analyze data from various sources, including social media, news articles, and government reports
- Wrote test cases to validate the performance of data models and algorithms, ensuring the delivery of high-quality solutions to clients
- Collaborated with software developers to integrate data models and algorithms into custom software applications
- Presented findings and recommendations to clients, helping them make data-driven decisions and optimize their operations

Skills:

- Expertise in ensemble models, open-source intelligence, and statistical analysis
- Proficient in R, Python, SQL, SAS, and MATLAB
- Strong knowledge of machine learning algorithms, including regression, classification, clustering, and neural networks
- Experience with data visualization tools, such as Tableau, D3.js, and ggplot2
- Excellent problem-solving, critical thinking, and communication skills
- Ability to work independently and as part of a team to achieve project goals

Certifications:

- Data Science Professional Certificate, XYZ University, 2016
- Certified Analytics Professional (CAP), INFORMS, 2017

Publications & Presentations:

- Lambert, A., & Smith, J. (2017). Ensemble Models for Improved Forecasting Accuracy: A Case Study in Weather Prediction. Journal of Data Science, 15(3), 123-145.
- Lambert, A. (2016). Open-Source Intelligence in the Age of Social Media: Challenges and Opportunities. Presented at the Annual Conference on Data Science and Analytics, City, State.

Professional Affiliations:

- Member, American Statistical Association, 2014 - Present
- Member, Institute for Operations Research and the Management Sciences (INFORMS), 2015 - Present"
Lyla Adams,PhD student,1,economics,"This a resume for a PhD student with an upcoming expected date of dissertation defense. They previously worked in Stata, but did a summer data science boot camp early in their PHD program and transitioned to working in Python. They are very interested in replicable research, data sharing, and code sharing, and they have given talks on replicable research at academic conferences. Their work is on labor economics. It's empirical work. They discuss specifically the packages they use in Python.","Lyla Adams
123 Main Street
City, State, ZIP
Phone: (123) 456-7890
Email: lyla.adams@email.com

Objective
Highly motivated and skilled PhD candidate in Economics with a strong background in labor economics and empirical research, seeking a research or teaching position in a reputable institution. Proficient in Stata and Python, with a focus on replicable research, data sharing, and code sharing. Experienced in presenting research findings at academic conferences.

Education
PhD in Economics (Expected Defense: Month Year)
XYZ University, City, State
- Dissertation: ""Title of Dissertation"" (Advisor: Professor Name)
- Fields: Labor Economics, Applied Econometrics, Public Economics
- Coursework: Microeconomic Theory, Macroeconomic Theory, Econometrics, Labor Economics, Public Economics, Industrial Organization, International Trade

Master of Arts in Economics, Month Year
XYZ University, City, State
- Thesis: ""Title of Thesis"" (Advisor: Professor Name)

Bachelor of Arts in Economics, Month Year
ABC University, City, State
- Cum Laude
- Honors Thesis: ""Title of Honors Thesis"" (Advisor: Professor Name)

Research Experience
PhD Student, Month Year - Present
XYZ University, City, State
- Conducted empirical research on labor economics using Python and Stata
- Utilized Python packages such as pandas, numpy, scipy, and statsmodels for data analysis and econometric modeling
- Developed and maintained a GitHub repository for sharing research data, code, and documentation
- Collaborated with faculty and fellow PhD students on research projects and co-authored working papers
- Presented research findings at academic conferences and workshops

Data Science Boot Camp, Summer Month Year
ABC Data Science Institute, City, State
- Completed an intensive 10-week program focused on data science and machine learning using Python
- Gained proficiency in Python programming, data visualization, and machine learning algorithms
- Developed a capstone project on labor market dynamics using Python and machine learning techniques

Teaching Experience
Teaching Assistant, Month Year - Month Year
XYZ University, City, State
- Assisted in teaching undergraduate and graduate courses in economics, including Microeconomics, Macroeconomics, Econometrics, and Labor Economics
- Led discussion sections, graded assignments and exams, and provided individual tutoring to students
- Received consistently positive evaluations from students and faculty

Conference Presentations
- ""Title of Presentation on Replicable Research,"" Annual Meeting of the American Economic Association, Month Year
- ""Title of Presentation on Labor Economics Research,"" Annual Conference of the Society of Labor Economists, Month Year

Skills
- Programming Languages: Python, Stata, R, MATLAB
- Python Packages: pandas, numpy, scipy, statsmodels, scikit-learn, seaborn, matplotlib
- Data Visualization: Tableau, ggplot2
- Version Control: Git, GitHub
- Statistical Methods: Regression Analysis, Time Series Analysis, Panel Data Analysis, Instrumental Variables, Difference-in-Differences, Matching Methods
- Machine Learning: Supervised and Unsupervised Learning, Classification, Regression, Clustering, Dimensionality Reduction, Model Evaluation and Selection

Languages
- English (Native)
- Spanish (Fluent)
- French (Intermediate)

Professional Affiliations
- American Economic Association
- Society of Labor Economists
- Econometric Society

References
Available upon request"
Zayne Gill,postdoctoral fellow,1,Political Science,"This is a political science post doctoral fellow who studies elections. They work in R doing statistical analysis. This is an academic-style resume. They list their publications. They also created and maintain an R package for election analysis, and several R shiny dashboards.","Zayne Gill, Ph.D.

Email: zaynegill@email.com
Phone: (123) 456-7890
Address: 1234 University Ave, City, State, ZIP

Objective:
To obtain a position as a political science researcher or professor, utilizing my expertise in election analysis, statistical modeling, and R programming to contribute to the understanding of electoral processes and outcomes.

Education:
Ph.D. in Political Science, 2021
XYZ University, City, State
Dissertation: ""The Impact of Electoral Systems on Voter Behavior: A Comparative Analysis""
Committee: Dr. Jane Smith (Chair), Dr. John Doe, Dr. Mary Johnson

M.A. in Political Science, 2017
XYZ University, City, State
Thesis: ""The Role of Social Media in Modern Election Campaigns""

B.A. in Political Science, 2015
ABC College, City, State
Honors: Magna Cum Laude, Phi Beta Kappa

Professional Experience:

Postdoctoral Fellow, 2021-Present
XYZ University, Department of Political Science, City, State
- Conducting research on the effects of electoral systems on voter turnout and party competition using advanced statistical techniques in R
- Collaborating with faculty members on research projects related to electoral politics and political behavior
- Presenting research findings at academic conferences and workshops
- Mentoring graduate students in research design and statistical analysis

Graduate Research Assistant, 2016-2021
XYZ University, Department of Political Science, City, State
- Assisted faculty members with data collection, management, and analysis for various research projects related to elections and political behavior
- Conducted literature reviews and contributed to the writing of research articles and grant proposals
- Developed and maintained an R package for election analysis, including data visualization and statistical modeling tools
- Created and maintained several R Shiny dashboards for interactive data exploration and analysis

Teaching Experience:

Instructor, 2018-2021
XYZ University, Department of Political Science, City, State
- Designed and taught undergraduate courses on American politics, comparative politics, and research methods
- Developed course materials, including syllabi, lectures, assignments, and exams
- Provided individualized feedback and support to students to facilitate their academic success
- Supervised and mentored undergraduate research projects

Publications:

Gill, Z., & Smith, J. (2021). ""The Impact of Electoral Systems on Voter Turnout: A Cross-National Analysis."" Journal of Electoral Studies, 45(2), 123-145.

Gill, Z. (2020). ""The Role of Social Media in Modern Election Campaigns: A Comparative Perspective."" Political Communication, 37(3), 456-478.

Gill, Z., & Johnson, M. (2019). ""The Effects of Electoral Rules on Party Competition: A Multi-Level Analysis."" Party Politics, 25(4), 567-589.

Conference Presentations:

Gill, Z. (2021). ""The Impact of Electoral Systems on Voter Behavior: A Comparative Analysis."" Paper presented at the Annual Meeting of the American Political Science Association, City, State.

Gill, Z., & Smith, J. (2020). ""The Impact of Electoral Systems on Voter Turnout: A Cross-National Analysis."" Paper presented at the Annual Meeting of the Midwest Political Science Association, City, State.

Gill, Z. (2019). ""The Role of Social Media in Modern Election Campaigns: A Comparative Perspective."" Paper presented at the Annual Meeting of the International Political Science Association, City, Country.

Technical Skills:

- Proficient in R programming for data management, statistical analysis, and data visualization
- Experience with R Shiny for creating interactive web applications and dashboards
- Familiarity with Python, Stata, and SPSS for data analysis and manipulation
- Knowledge of LaTeX for document preparation and typesetting

Professional Affiliations:

- American Political Science Association
- Midwest Political Science Association
- International Political Science Association

References:

Dr. Jane Smith
Professor of Political Science
XYZ University
Email: jsmith@xyz.edu
Phone: (123) 456-7891

Dr. John Doe
Associate Professor of Political Science
XYZ University
Email: jdoe@xyz.edu
Phone: (123) 456-7892

Dr. Mary Johnson
Assistant Professor of Political Science
XYZ University
Email: mjohnson@xyz.edu
Phone: (123) 456-7893"
Hugo Ramos,postdoctoral fellow,0,physics,This is a physics postdoctoral fellow in electromagnetism and photonics who uses EMWorks EMS software. This is an academic resume where they talk about their publications and academic work. They also were a TA in their graduate program and worked in a campus lab. They won teaching and research awards.,"Hugo Ramos
1234 University Drive
City, State, Zip
Phone: (123) 456-7890
Email: hugo.ramos@email.com

Objective
Highly motivated and skilled physics postdoctoral fellow with expertise in electromagnetism and photonics, seeking a research position in academia or industry to contribute to the advancement of knowledge and technology in the field.

Education
Ph.D. in Physics, University of California, Berkeley, 2016
- Dissertation: ""Electromagnetic Wave Propagation in Photonic Crystals: Theory and Applications""
- Advisor: Prof. John Smith

M.S. in Physics, University of California, Berkeley, 2012
- Thesis: ""Optimization of Electromagnetic Field Distribution in Waveguides using Genetic Algorithms""
- Advisor: Prof. Jane Doe

B.S. in Physics, Massachusetts Institute of Technology, 2010
- Graduated with Honors

Professional Experience
Postdoctoral Fellow, Department of Physics, Stanford University, 2016-Present
- Conducting research on the design and optimization of photonic devices using EMWorks EMS software
- Developing novel techniques for the manipulation of electromagnetic waves in photonic crystals
- Collaborating with a multidisciplinary team of researchers to explore applications in telecommunications, sensing, and energy harvesting
- Mentoring graduate and undergraduate students in their research projects
- Co-authoring research articles and presenting findings at national and international conferences

Graduate Research Assistant, Department of Physics, University of California, Berkeley, 2011-2016
- Investigated the properties of electromagnetic wave propagation in photonic crystals using numerical simulations and analytical methods
- Developed a computational model to study the effects of structural defects on the photonic bandgap
- Assisted in the design and fabrication of photonic crystal waveguides for experimental validation of theoretical predictions
- Collaborated with researchers from other institutions to explore potential applications in integrated optics and optoelectronics
- Published research findings in peer-reviewed journals and presented at conferences

Teaching Assistant, Department of Physics, University of California, Berkeley, 2010-2014
- Taught recitation sections and laboratory courses in introductory physics for engineering and science majors
- Prepared and graded assignments, quizzes, and exams
- Held office hours and provided individual tutoring to students
- Assisted in the development of course materials and the implementation of innovative teaching methods
- Received the Outstanding Graduate Student Instructor Award in recognition of exceptional teaching performance

Undergraduate Research Assistant, Department of Physics, Massachusetts Institute of Technology, 2008-2010
- Participated in a research project on the development of novel materials for solar energy conversion
- Performed optical and electrical characterization of thin-film solar cells using various experimental techniques
- Analyzed experimental data and contributed to the interpretation of results
- Co-authored a research article published in a peer-reviewed journal

Awards and Honors
- Outstanding Graduate Student Instructor Award, University of California, Berkeley, 2014
- Graduate Research Fellowship, National Science Foundation, 2011-2014
- Undergraduate Research Award, Massachusetts Institute of Technology, 2009

Publications
1. Ramos, H., Smith, J., & Doe, J. (2016). Electromagnetic wave propagation in photonic crystals: Theory and applications. Physical Review B, 93, 045123.
2. Ramos, H., & Smith, J. (2014). Optimization of electromagnetic field distribution in waveguides using genetic algorithms. Journal of Applied Physics, 116, 083104.
3. Ramos, H., Lee, S., & Kim, Y. (2010). Novel materials for solar energy conversion: A study of thin-film solar cells. Solar Energy Materials and Solar Cells, 94, 2123-2128.

Conference Presentations
1. Ramos, H., & Smith, J. (2015). Electromagnetic wave manipulation in photonic crystals: From theory to applications. Presented at the Conference on Lasers and Electro-Optics, San Jose, CA.
2. Ramos, H., & Doe, J. (2013). Genetic algorithm-based optimization of electromagnetic field distribution in waveguides. Presented at the Photonics West Conference, San Francisco, CA.

Skills
- Proficient in EMWorks EMS software for electromagnetic simulations
- Experienced in programming languages such as Python, MATLAB, and C++
- Familiar with experimental techniques in optics and optoelectronics
- Strong analytical and problem-solving abilities
- Excellent written and oral communication skills
- Effective team player and mentor

References
Available upon request"
Rose Baker,analyst,0,business,This is an analyst at a consulting firm that does work for the government. They work primarily in Excel. They also make powerpoints. Please generate more things that are consistent with this to put in the resume.,"Rose Baker
123 Main Street
City, State, ZIP
Phone: (123) 456-7890
Email: rosebaker@email.com

Objective:
Highly motivated and detail-oriented analyst with a strong background in business and experience in government consulting, seeking to leverage my skills in data analysis, project management, and communication to contribute to the success of a dynamic organization.

Education:
Bachelor of Business Administration (BBA), Major in Finance
XYZ University, City, State
Graduated May 2015
Cumulative GPA: 3.7/4.0

Professional Experience:

ABC Consulting, City, State
Analyst, Government Consulting Division
June 2015 - Present

- Conduct in-depth data analysis using advanced Excel functions, including VLOOKUP, INDEX/MATCH, and PivotTables, to support decision-making for government clients in areas such as budgeting, resource allocation, and performance measurement.
- Develop and maintain complex financial models to forecast revenues, expenses, and key performance indicators for various government programs, enabling clients to make informed decisions and optimize resource utilization.
- Prepare and deliver high-quality PowerPoint presentations to communicate findings and recommendations to clients, effectively translating complex data into clear and concise visuals and narratives.
- Collaborate with cross-functional teams to gather and analyze data from multiple sources, ensuring accuracy and consistency in reporting and analysis.
- Manage multiple projects simultaneously, prioritizing tasks and meeting tight deadlines in a fast-paced environment.
- Assist in the development of proposals and responses to government RFPs, contributing to the firm's successful acquisition of new business.
- Continuously improve processes and tools to enhance efficiency and effectiveness in data analysis and reporting, including the creation of custom Excel templates and macros.
- Provide training and mentorship to junior analysts, fostering a positive and collaborative team environment.

XYZ University, City, State
Research Assistant, Department of Finance
September 2013 - May 2015

- Conducted research on financial markets and economic indicators under the supervision of a finance professor, contributing to the publication of several academic papers and presentations.
- Collected and analyzed large datasets using Excel and statistical software, identifying trends and patterns to support research hypotheses.
- Assisted in the preparation of research grant proposals, resulting in the successful acquisition of funding for multiple projects.
- Organized and maintained research databases, ensuring data integrity and accessibility for the research team.
- Presented research findings at university seminars and conferences, effectively communicating complex concepts to diverse audiences.

Skills:

- Data Analysis: Proficient in Excel (VLOOKUP, INDEX/MATCH, PivotTables, Macros), familiar with statistical software (SPSS, Stata)
- Presentation and Communication: Skilled in PowerPoint, experienced in presenting complex data and concepts to diverse audiences
- Project Management: Strong organizational and time management skills, able to manage multiple projects and priorities in a fast-paced environment
- Teamwork and Collaboration: Effective team player with experience working in cross-functional teams, able to adapt to different working styles and contribute to a positive team environment
- Business Acumen: Solid understanding of financial concepts and government operations, able to apply knowledge to real-world situations and make informed recommendations

Certifications:

- Microsoft Office Specialist (MOS) Certification in Excel, 2016
- Project Management Institute (PMI) Certified Associate in Project Management (CAPM), 2017

Activities and Honors:

- XYZ University Dean's List, 2012-2015
- Member, XYZ University Finance Club, 2012-2015
- Volunteer, Local Nonprofit Organization, 2015-Present"
Amari Morales,GIS analyst,0,math,This is a GIS analyst for the government. They work exclusively in the ESRI drag-and-drop tools to do things like make maps where they project points onto shapefiles. They do not code. ,"Amari Morales
123 Main Street
Anytown, USA 12345
Phone: (555) 555-5555
Email: amari.morales@email.com

Objective:
To obtain a challenging and rewarding position as a GIS Analyst, utilizing my strong analytical, problem-solving, and communication skills to contribute to the success of the organization.

Education:
Bachelor of Science in Mathematics, May 2015
XYZ University, Anytown, USA

Relevant Coursework:
- Calculus I, II, and III
- Linear Algebra
- Differential Equations
- Probability and Statistics
- Discrete Mathematics
- Numerical Analysis
- Mathematical Modeling

Professional Experience:

GIS Analyst, June 2017 - Present
U.S. Department of the Interior, Anytown, USA

- Utilize ESRI ArcGIS software suite to create, edit, and analyze geospatial data for various government projects, including land management, natural resource conservation, and infrastructure planning.
- Develop and maintain geodatabases, including importing and exporting data, creating and editing feature classes, and managing attribute tables.
- Create visually appealing and informative maps using ArcMap, incorporating various data sources such as shapefiles, raster data, and aerial imagery.
- Perform geoprocessing tasks such as buffering, clipping, and intersecting to analyze spatial relationships between different datasets.
- Collaborate with interdisciplinary teams of scientists, engineers, and planners to develop GIS solutions for complex problems.
- Present GIS analysis results to stakeholders through clear and concise reports, maps, and presentations.
- Attend professional development workshops and conferences to stay current with industry trends and best practices.

GIS Technician, June 2015 - May 2017
ABC Environmental Consulting, Anytown, USA

- Assisted GIS Analysts in the creation and maintenance of geospatial data for environmental impact assessments, habitat conservation plans, and other environmental projects.
- Conducted data quality control checks to ensure accuracy and completeness of GIS datasets.
- Prepared maps and figures for inclusion in technical reports and presentations using ArcMap and Adobe Illustrator.
- Assisted in the development of GIS workflows and standard operating procedures to improve efficiency and consistency across projects.
- Provided technical support to project teams in the use of GIS software and data.

Skills:

- Proficient in ESRI ArcGIS software suite, including ArcMap, ArcCatalog, and ArcGIS Online
- Strong understanding of cartographic principles and map design
- Knowledge of geospatial data formats, coordinate systems, and projections
- Familiarity with geoprocessing tools and spatial analysis techniques
- Excellent problem-solving and critical thinking abilities
- Strong written and verbal communication skills
- Ability to work independently and as part of a team
- Detail-oriented and organized

Certifications:

- ESRI ArcGIS Desktop Entry Certification, 2016

Professional Affiliations:

- Member, Urban and Regional Information Systems Association (URISA), 2015 - Present
- Member, American Association of Geographers (AAG), 2015 - Present

Volunteer Experience:

- GIS Volunteer, Anytown Parks and Recreation Department, 2016 - 2017
  - Assisted in the creation of park maps and trail guides using ArcMap
  - Conducted field data collection using GPS units and mobile GIS applications

References:
Available upon request"
Gia Reed,budget analyst,0,accounting,"This is a government budget analyst who knows all steps of the Planning, Programming, Budgeting & Execution Process (PPBE). This is a usajobs-style resume -- long, detailed. They have spent their career at the Navy. They're a GS-13. ","Gia Reed
1234 Navy Lane
Washington, D.C. 20001
Phone: (555) 555-5555
Email: giareed@email.com

Objective:
To obtain a position as a Budget Analyst within the Department of the Navy, utilizing my extensive knowledge of the Planning, Programming, Budgeting & Execution Process (PPBE) and my experience in financial management and accounting.

Summary of Qualifications:
- Over 10 years of experience as a Budget Analyst within the Department of the Navy
- Comprehensive knowledge of the PPBE process and its application within the Department of Defense (DoD)
- Strong analytical and problem-solving skills, with the ability to analyze complex financial data and develop effective budgetary recommendations
- Excellent communication and interpersonal skills, with a proven ability to collaborate with diverse teams and effectively present financial information to senior leadership
- Proficient in Microsoft Office Suite, including Excel, Word, and PowerPoint, as well as financial management software such as the Navy Enterprise Resource Planning (ERP) system

Education:
Bachelor of Science in Accounting, May 2009
XYZ University, City, State

Professional Experience:

Budget Analyst, GS-13, Department of the Navy, Washington, D.C., June 2009 - Present

- Serve as a key member of the financial management team, responsible for the development, execution, and analysis of the Navy's annual budget, totaling over $150 billion
- Utilize in-depth knowledge of the PPBE process to develop budgetary recommendations and ensure alignment with the Navy's strategic objectives and priorities
- Analyze complex financial data, including historical trends, program requirements, and resource constraints, to develop accurate and realistic budget estimates
- Collaborate with program managers, financial analysts, and other stakeholders to gather and validate financial data, ensuring the accuracy and completeness of budget submissions
- Prepare and present detailed budget briefings to senior leadership, including the Assistant Secretary of the Navy (Financial Management and Comptroller) and the Chief of Naval Operations, highlighting key budgetary issues and recommendations
- Monitor the execution of the Navy's budget, tracking obligations and expenditures to ensure compliance with established financial policies and regulations
- Conduct regular financial reviews and audits, identifying and addressing any discrepancies or issues in a timely and effective manner
- Develop and maintain financial management tools and reports, utilizing the Navy ERP system and Microsoft Excel, to support effective budget planning and execution
- Provide training and guidance to junior budget analysts and other financial management personnel, ensuring a strong understanding of the PPBE process and related financial management concepts

Key Accomplishments:
- Successfully developed and executed the Navy's annual budget, consistently achieving a 98% obligation rate and ensuring the effective allocation of resources to support mission requirements
- Identified over $50 million in potential cost savings through the analysis of historical financial data and the implementation of more efficient budgeting practices
- Received the Navy Meritorious Civilian Service Award in recognition of outstanding performance and dedication to the financial management of the Department of the Navy

Professional Development:

- Completed the Defense Financial Management Course, providing a comprehensive understanding of DoD financial management policies, procedures, and systems
- Attended the Navy Budget Analyst Training Course, enhancing knowledge of the PPBE process and its application within the Department of the Navy
- Participated in various financial management workshops and seminars, staying current on industry best practices and emerging trends in government budgeting

Memberships and Affiliations:

- Member, American Society of Military Comptrollers (ASMC)
- Member, Association of Government Accountants (AGA)

Security Clearance:

- Active Top Secret security clearance, with eligibility for access to Sensitive Compartmented Information (SCI)"
Greyson Morris,accountant,0,accounting,This is an accountant at a federal agency who is involved with the audit process. Please generate a fuller backstory/resume. ,"Greyson Morris
123 Main Street
Anytown, USA 12345
Phone: (555) 555-5555
Email: greyson.morris@email.com

Objective:
A highly motivated and detail-oriented accountant with extensive experience in federal agency auditing, seeking to leverage my skills and expertise to contribute to the success of a dynamic organization.

Education:
Bachelor of Science in Accounting
XYZ University, Anytown, USA
Graduated: May 2010

Certifications:
Certified Public Accountant (CPA)  2012
Certified Government Financial Manager (CGFM)  2014

Professional Experience:

Federal Agency Accountant
ABC Federal Agency, Anytown, USA
June 2015  Present

- Conduct comprehensive financial audits of various federal programs and departments, ensuring compliance with federal regulations and accounting standards.
- Collaborate with a team of auditors to review financial statements, assess internal controls, and identify potential areas of risk.
- Prepare detailed audit reports, presenting findings and recommendations to agency management for corrective action and process improvement.
- Develop and maintain strong working relationships with agency personnel, fostering a collaborative environment for addressing financial concerns and implementing best practices.
- Assist in the development and implementation of agency-wide financial policies and procedures, contributing to the overall efficiency and effectiveness of financial operations.
- Participate in ongoing professional development and training opportunities, staying current on industry trends and best practices in federal financial management.

Financial Analyst
DEF Federal Agency, Anytown, USA
August 2012  May 2015

- Analyzed financial data and prepared reports for various federal programs, providing valuable insights for budgeting and resource allocation decisions.
- Assisted in the preparation of annual financial statements, ensuring accuracy and compliance with federal accounting standards.
- Conducted in-depth research and analysis of financial trends, identifying potential areas of concern and making recommendations for improvement.
- Collaborated with agency personnel to develop and implement financial policies and procedures, promoting a culture of fiscal responsibility and accountability.
- Participated in the agency's annual budgeting process, providing input and analysis to support the development of a comprehensive and realistic financial plan.

Accounting Intern
GHI Federal Agency, Anytown, USA
June 2010  August 2010

- Assisted in the preparation of financial statements and reports, gaining valuable hands-on experience in federal accounting practices.
- Conducted research and analysis of financial data, contributing to the development of agency budgets and financial plans.
- Supported the agency's audit process, working closely with auditors to ensure the accuracy and completeness of financial records.
- Participated in professional development and training opportunities, building a strong foundation in federal financial management.

Skills:

- Proficient in Microsoft Office Suite (Word, Excel, PowerPoint, Outlook)
- Strong analytical and problem-solving abilities
- Excellent written and verbal communication skills
- Detail-oriented with a focus on accuracy and quality
- Ability to work effectively both independently and as part of a team
- Knowledge of federal accounting standards and regulations
- Experience with financial management software and systems

Professional Affiliations:

- Member, American Institute of Certified Public Accountants (AICPA)
- Member, Association of Government Accountants (AGA)

References available upon request"
