"Name","Current.Job","Label","Academic.Background","Descriptions","response_gpt.4","response_gpt"
"Cayden Waters","Data Engineer",1,"Computer Science","This is a data engineer who builds and maintains data pipelines, but also has significant experience implementing machine learning models and describes in depth the business impact of these -- for instance, what type of model they built, what library, how they evaluated it, and what the impact was on the business","Cayden Waters
123 Main St, Anytown, USA
(555) 555-5555
caydenwaters@email.com

Objective
Highly skilled and motivated Data Engineer with a strong background in computer science and extensive experience in implementing machine learning models. Seeking to leverage my expertise in data pipeline construction, model evaluation, and business impact analysis to contribute to the growth and success of a forward-thinking organization.

Education
Bachelor of Science in Computer Science, May 2015
XYZ University, Anytown, USA
- Concentration in Data Science and Machine Learning
- Relevant coursework: Data Structures, Algorithms, Database Systems, Machine Learning, Artificial Intelligence, Big Data Analytics

Professional Experience
Data Engineer, ABC Corporation, Anytown, USA (June 2019 - Present)
- Collaborate with data scientists and analysts to design, build, and maintain scalable data pipelines for processing and analyzing large datasets
- Implement machine learning models using Python and TensorFlow to predict customer churn, resulting in a 15% reduction in customer attrition
- Develop and optimize ETL processes using Apache Spark and Hadoop to improve data ingestion and processing times by 30%
- Utilize data visualization tools such as Tableau and Power BI to create interactive dashboards for business stakeholders, enabling data-driven decision-making
- Conduct thorough model evaluation using cross-validation, precision-recall curves, and ROC-AUC scores to ensure optimal performance and accuracy
- Assess the business impact of implemented models by analyzing key performance indicators (KPIs) and presenting findings to executive leadership, leading to the adoption of data-driven strategies across multiple departments

Data Analyst, DEF Technologies, Anytown, USA (June 2015 - May 2019)
- Analyzed large datasets using SQL, Python, and R to identify trends and patterns, providing valuable insights for product development and marketing teams
- Implemented machine learning models using scikit-learn to predict equipment failure, resulting in a 20% decrease in downtime and a 10% increase in overall productivity
- Developed custom data visualizations using D3.js and ggplot2 to effectively communicate complex data insights to non-technical stakeholders
- Collaborated with cross-functional teams to define data requirements and ensure data quality and integrity throughout the data lifecycle
- Utilized statistical techniques such as hypothesis testing, regression analysis, and clustering to support data-driven decision-making and drive business growth

Projects
Predictive Maintenance Model (DEF Technologies)
- Developed a machine learning model using Python and scikit-learn to predict equipment failure based on sensor data
- Utilized feature engineering techniques to extract relevant features from raw data, improving model performance by 25%
- Evaluated model performance using cross-validation and various performance metrics, achieving a precision of 85% and a recall of 80%
- Presented findings to executive leadership, resulting in the implementation of a predictive maintenance strategy that reduced equipment downtime by 20%

Customer Churn Prediction (ABC Corporation)
- Collaborated with a team of data scientists to build a machine learning model using TensorFlow and Python to predict customer churn
- Conducted extensive feature selection and engineering to improve model performance, resulting in a 10% increase in accuracy
- Evaluated model performance using precision-recall curves and ROC-AUC scores, achieving a final AUC score of 0.85
- Analyzed the business impact of the implemented model, demonstrating a 15% reduction in customer attrition and a significant increase in customer lifetime value

Skills
- Programming languages: Python, R, Java, SQL
- Machine learning libraries: TensorFlow, scikit-learn, Keras, PyTorch
- Big data technologies: Apache Spark, Hadoop, Hive, Pig
- Data visualization tools: Tableau, Power BI, D3.js, ggplot2
- Database systems: MySQL, PostgreSQL, MongoDB, Oracle
- Cloud platforms: AWS, Google Cloud Platform, Microsoft Azure

Certifications
- AWS Certified Big Data - Specialty
- Microsoft Certified: Azure Data Engineer Associate
- Google Cloud Professional Data Engineer

Professional Memberships
- Association for Computing Machinery (ACM)
- Institute of Electrical and Electronics Engineers (IEEE)
- Data Science Association (DSA)","Cayden Waters

123 Main St, San Francisco, CA 94121

Phone: (555) 555-5555

Email: caydenwaters@gmail.com

LinkedIn: www.linkedin.com/in/caydenwaters


Summary:

Highly skilled Data Engineer with 8 years of experience in designing, implementing and managing data pipelines, as well as implementing machine learning models to improve business performance. Recognized for the ability to evaluate complex datasets, generate actionable insights and translate them into successful data strategies. Strong background in Computer Science, with a focus on machine learning, data architecture, and programming.


Education:

Bachelor of Science in Computer Science, 2012-2016

University of California, Berkeley

- Specialization in Machine Learning and Data Management

- Graduated with honors


Professional Experience:

Data Engineer, June 2018 - Present

ExampleTech Inc. - San Francisco, CA

- Design and implement data pipelines for a leading technology company

- Collaborate closely with Data Science to integrate advanced machine learning models into the data architecture

- Develop and maintain ETL processes to ensure data accuracy and consistency

- Deploy a machine learning model using the XGBoost library to predict customer churn; improved customer retention by 15% and increased annual revenue by $1.5M

- Optimize data storage and processing, reducing cost by 25% and improving data processing time by 40%

- Led a project using Random Forest classifiers to predict sales trends resulting in a 20% increase in marketing efficiency

- Monitor, maintain, and troubleshoot data pipeline issues, with a focus on continuous improvement of data accuracy and architecture


Data Analyst, July 2016 - May 2018

GlobalTech Solutions - San Francisco, CA

- Performed exploratory data analysis and generated actionable insights to guide business strategy

- Collaborated with the Machine Learning team to implement a personalized recommendation system using collaborative filtering, improving customer satisfaction by 10% and increasing revenue by 5%

- Utilized natural language processing techniques to analyze user feedback and build a sentiment analysis model, enabling the company to identify and address areas of concern efficiently

- Automated data extraction from various sources, including APIs, reducing manual data processing time by 80% and improving data quality

- Conducted extensive data cleansing and preprocessing to ensure data usability and integrity

- Developed data visualizations using Tableau, enabling easy communication of data insights to non-technical stakeholders

- Maintained documentation of data processes and procedures, ensuring traceability and reproducibility of data workflows


Technical Skills:

- Python, Java, Scala

- SQL, NoSQL, PostgreSQL

- Hadoop, MapReduce, Spark

- TensorFlow, PyTorch, Scikit-learn, XGBoost

- Amazon AWS, Google Cloud Platform, Microsoft Azure

- ETL, Data Wrangling, Data Management

- Tableau, D3.js, Power BI

- Git, Jira, Trello


Certifications:

- Google Cloud Professional Data Engineer, 2019

- AWS Certified Data Analytics - Specialty, 2020

- Microsoft Certified: Azure Data Engineer Associate, 2021


Awards & Recognition:

- ExampleTech Innovation Award for the implementation of machine learning model, 2020

- “TechTalk” speaker, GlobalTech Solutions, on the role of machine learning in data engineering, 2018


Professional Memberships:

- Association for Computing Machinery (ACM), 2017 - Present

- IEEE Computer Society, 2019 - Present

- AI and Machine Learning Enthusiasts Meetup Group, 2020 - Present"
